id,views,likes,shares,duration,description,url
ZXatC-TJmkc,381,14,N/A,57,IM SO GRATEFUL THANK YOU TARIK!-----------------------------------------------------------------------------------------------------------bio:hi everyone! i'...,https://www.youtube.com/shorts/ZXatC-TJmkc
X2dP7G7r96k,10066,97,N/A,14,did he deserve it??-----------------------------------------------------------------------------------------------------------bio:hi everyone! i'm banshee :)...,https://www.youtube.com/shorts/X2dP7G7r96k
2Vdy2kyMsKU,36,8,N/A,18,poor ben was shocked------------------------------------------------------------------------------------------------------------bio:hi everyone! i'm banshee ...,https://www.youtube.com/shorts/2Vdy2kyMsKU
O1m88pqsTxY,29,3,N/A,19,Enjoyed the clutch? Hit the like button and subscribe for more epic Valorant moments! Your support helps us bring you the best content!,https://www.youtube.com/shorts/O1m88pqsTxY
zBnLqwfd9r4,419,7,N/A,53,,https://www.youtube.com/shorts/zBnLqwfd9r4
YwoX6tzVWdg,1,N/A,N/A,14,AITA for not just showing him mercy I mean it is what it is and that's what happens in valorant #shorts #gaming #funnymoments #valorant #valorantmoments #png...,https://www.youtube.com/shorts/YwoX6tzVWdg
Tq1WJHg6WB8,98,2,N/A,13,It was funny we waited for him to get all the way back up to leave for the content#shorts #gaming #funnymoments #contentwarning #contentwarninggameplay #pngt...,https://www.youtube.com/shorts/Tq1WJHg6WB8
U2BjXLl2jS0,1,N/A,N/A,4,MUST watch https://youtube.com/shorts/L7PfdUGycUw?feature=shareHere also https://youtube.com/shorts/uiHuC05bn78?feature=share#kyedaereact #valorantskye #valo...,https://www.youtube.com/shorts/U2BjXLl2jS0
s1DAEv3iVmw,415,15,N/A,16,#valorant #valorantclips #shortsfeed #shorts #viral #cupid #funny #funnyvalorant Welcome to our Valorant channel!Step into the world of Valorant with us! I'm...,https://www.youtube.com/shorts/s1DAEv3iVmw
UkmQChhY0mA,0,N/A,N/A,8,,https://www.youtube.com/shorts/UkmQChhY0mA
KtqmuII8xhI,439,8,N/A,14,,https://www.youtube.com/shorts/KtqmuII8xhI
I_34ugMwYNk,0,N/A,N/A,24,Aggressive reyna looks like #shorts #ytshorts #valorant #valorantclipsyour Queries :-valorant tournament highlightsvalorant stream highlightsvalorant match h...,https://www.youtube.com/shorts/I_34ugMwYNk
jAncauSmSzo,465,9,N/A,11,#valorant #valorantclips #valorantshorts,https://www.youtube.com/shorts/jAncauSmSzo
3ZCpMJcEQ-w,709,N/A,N/A,45,"‚Æû If you guys enjoy watching this, please drop a like and subscribe ;)----------------------------------------------------Follow my social media! TIKTOK : ht...",https://www.youtube.com/shorts/3ZCpMJcEQ-w
pGD7RHjS_ec,343,N/A,N/A,27,,https://www.youtube.com/shorts/pGD7RHjS_ec
FHzKpiQA74c,1921,40,N/A,8,‚ú®Socials ‚ú®üëäInstagram: https://www.instagram.com/t3kker_t/üê• Twitter: https://twitter.com/T3kker_T‚Äãüì±  TiKTok: https://www.tiktok.com/@t3kker_t?üî¥ Watch Me L...,https://www.youtube.com/shorts/FHzKpiQA74c
2S6tPdwCobw,388,18,N/A,7,‚ú®Socials ‚ú®üëäInstagram: https://www.instagram.com/t3kker_t/üê• Twitter: https://twitter.com/T3kker_T‚Äãüì±  TiKTok: https://www.tiktok.com/@t3kker_t?üî¥ Watch Me L...,https://www.youtube.com/shorts/2S6tPdwCobw
p7RY_E6525g,183,10,N/A,7,‚ú®Socials ‚ú®üëäInstagram: https://www.instagram.com/t3kker_t/üê• Twitter: https://twitter.com/T3kker_T‚Äãüì±  TiKTok: https://www.tiktok.com/@t3kker_t?üî¥ Watch Me L...,https://www.youtube.com/shorts/p7RY_E6525g
5NQdycgclus,300,19,N/A,21,‚ú®Socials ‚ú®üëäInstagram: https://www.instagram.com/t3kker_t/üê• Twitter: https://twitter.com/T3kker_T‚Äãüì±  TiKTok: https://www.tiktok.com/@t3kker_t?üî¥ Watch Me L...,https://www.youtube.com/shorts/5NQdycgclus
Dgy9DsOu1J0,106,3,N/A,3,‚ú®Socials ‚ú®üëäInstagram: https://www.instagram.com/t3kker_t/üê• Twitter: https://twitter.com/T3kker_T‚Äãüì±  TiKTok: https://www.tiktok.com/@t3kker_t?üî¥ Watch Me L...,https://www.youtube.com/shorts/Dgy9DsOu1J0
Ej70jj6u1NM,0,5,N/A,18,,https://www.youtube.com/shorts/Ej70jj6u1NM
Oe82eVGZiwk,457,4,N/A,4,,https://www.youtube.com/shorts/Oe82eVGZiwk
8ndjoSjWqG8,110,6,N/A,16,"Leaned into my sniper shot in Rebirth island! [39/500] subscribers! Like, comment and subscribe :)CA: $TrayBreezy69",https://www.youtube.com/shorts/8ndjoSjWqG8
_aQAZpNNbsY,159,2,N/A,17,"Barely killed him in Rebirth island![38/500] subscribers!Like, comment and subscribe :)CA: $TrayBreezy69",https://www.youtube.com/shorts/_aQAZpNNbsY
t93W-PtuM90,3,3,N/A,16,"Almost didn‚Äôt get the kill in Fortnite Reload![31/500] subscribers!Like, comment and subscribe :)CA: $TrayBreezy69",https://www.youtube.com/shorts/t93W-PtuM90
NxDiIfbRiVM,4,3,N/A,17,"Grey heavy AR kill in Fortnite Reload![31/500] subscribers! Like, comment and subscribe :)CA: $TrayBreezy69",https://www.youtube.com/shorts/NxDiIfbRiVM
_3RmB3P6s60,499,13,N/A,30,,https://www.youtube.com/shorts/_3RmB3P6s60
57QBcMfrJpQ,535,4,N/A,30,,https://www.youtube.com/shorts/57QBcMfrJpQ
zo6m9LGKy8U,482,13,N/A,32,,https://www.youtube.com/shorts/zo6m9LGKy8U
ElJw1c2CIA8,162,N/A,N/A,34,,https://www.youtube.com/shorts/ElJw1c2CIA8
AA4q6MfCc-s,92,2,N/A,24,,https://www.youtube.com/shorts/AA4q6MfCc-s
dRpCGF13myY,6,N/A,N/A,32,,https://www.youtube.com/shorts/dRpCGF13myY
WngpGZjmcFI,165,N/A,N/A,13,,https://www.youtube.com/shorts/WngpGZjmcFI
Ny15AD1ZvFE,0,N/A,N/A,8,,https://www.youtube.com/shorts/Ny15AD1ZvFE
70W-2oii51A,136,N/A,N/A,20,,https://www.youtube.com/shorts/70W-2oii51A
tDr4vNjHTYA,197,N/A,N/A,21,,https://www.youtube.com/shorts/tDr4vNjHTYA
cl1qy5LNGvo,5,2,N/A,59,#top warzone moments,https://www.youtube.com/shorts/cl1qy5LNGvo
eN2hRlEhqYQ,10,2,N/A,53,,https://www.youtube.com/shorts/eN2hRlEhqYQ
F-q1f5y-ntY,20,3,N/A,54,,https://www.youtube.com/shorts/F-q1f5y-ntY
W8hrtmBI5kE,67,2,N/A,25,,https://www.youtube.com/shorts/W8hrtmBI5kE
hb4mCMtO9lk,74,N/A,N/A,22,,https://www.youtube.com/shorts/hb4mCMtO9lk
uBl3ZllPQcI,36,N/A,N/A,12,,https://www.youtube.com/shorts/uBl3ZllPQcI
QQGPT79dNig,3,2,N/A,29,,https://www.youtube.com/shorts/QQGPT79dNig
JiBxCtkXJms,12,3,N/A,47,,https://www.youtube.com/shorts/JiBxCtkXJms
SeKgqaQWeH8,29,6,N/A,30,,https://www.youtube.com/shorts/SeKgqaQWeH8
g3iqpmGtg4A,27,N/A,N/A,22,,https://www.youtube.com/shorts/g3iqpmGtg4A
F9tgvwA9r-A,25,N/A,N/A,23,,https://www.youtube.com/shorts/F9tgvwA9r-A
kS9mP7xIOYM,22,2,N/A,14,,https://www.youtube.com/shorts/kS9mP7xIOYM
MkCe9_71fyI,2,N/A,N/A,58,#cod#codm#codmobile #gamers #pubgmobile #pubg#pubgindia#freefire #gaming#gameplay #gameplaywalkthrough#youtubegamer #livegaming #gamereview #livestream #gami...,https://www.youtube.com/shorts/MkCe9_71fyI
r2XopRYoVfY,40,2,N/A,27,,https://www.youtube.com/shorts/r2XopRYoVfY
04lEKpay7rQ,139,2,N/A,39,,https://www.youtube.com/shorts/04lEKpay7rQ
3-nmT5yBKXE,26,5,N/A,32,,https://www.youtube.com/shorts/3-nmT5yBKXE
LFqFyPwrijQ,1,N/A,N/A,37,,https://www.youtube.com/shorts/LFqFyPwrijQ
Rhy_wl5Rxf8,93,N/A,N/A,26,,https://www.youtube.com/shorts/Rhy_wl5Rxf8
StLzP-b8hiY,13,N/A,N/A,14,,https://www.youtube.com/shorts/StLzP-b8hiY
_RY7nddrMFQ,78,N/A,N/A,19,,https://www.youtube.com/shorts/_RY7nddrMFQ
1MGDOYjlbPc,16,4,N/A,11,"Watch this epic double kick stamp execution move in Call of Duty! Witness the incredible finishing move that will leave you in awe. Make sure to like, commen...",https://www.youtube.com/shorts/1MGDOYjlbPc
xO9h04BJxkM,32,3,N/A,14,Watch as Homelander unleashes his eye laser for a devastating execution in Call of Duty! Witness the sheer power and precision of this epic moment. Don‚Äôt for...,https://www.youtube.com/shorts/xO9h04BJxkM
cbzKyovYviY,48,4,N/A,13,"Experience the epic slow-motion headshot in Call of Duty! Watch as I deliver a precise and devastating shot in slow motion. Like, comment, and subscribe for ...",https://www.youtube.com/shorts/cbzKyovYviY
GyErQ3w3MfU,46,7,N/A,21,"Check out this savage head stamp execution in Call of Duty! Witness the intensity as I take down my enemy with this brutal move. Don't forget to like, commen...",https://www.youtube.com/shorts/GyErQ3w3MfU
H51-TumNryU,29,9,N/A,59,Watch as I execute a flawless ambush on enemy soldiers in Ghost Recon Breakpoint! This intense moment showcases the perfect blend of strategy and stealth. If...,https://www.youtube.com/shorts/H51-TumNryU
RmKr-dHN_b0,12,4,N/A,60,"Subscribe for more videos...üëçJoin Whatsapp Channel üëáhttps://whatsapp.com/channel/0029VaeRYOBLtOj8Adk6ki1n....Welcome to our gaming haven, where skill meets...",https://www.youtube.com/shorts/RmKr-dHN_b0
uLlOQD7bSqg,9,N/A,N/A,60,"Subscribe for more videos...üëçJoin Whatsapp Channel üëáhttps://whatsapp.com/channel/0029VaeRYOBLtOj8Adk6ki1n....Welcome to our gaming haven, where skill meets...",https://www.youtube.com/shorts/uLlOQD7bSqg
EFo9XWAmcl8,862,32,N/A,24,,https://www.youtube.com/shorts/EFo9XWAmcl8
8yt1gwvb_Cs,2493,N/A,N/A,30,,https://www.youtube.com/shorts/8yt1gwvb_Cs
D5hVT-zNtns,2363,N/A,N/A,43,,https://www.youtube.com/shorts/D5hVT-zNtns
k0190fsh_I0,19,2,N/A,12,,https://www.youtube.com/shorts/k0190fsh_I0
loV1rdbm2rA,81,3,N/A,12,,https://www.youtube.com/shorts/loV1rdbm2rA
BD9EW4ALltM,33,4,N/A,11,,https://www.youtube.com/shorts/BD9EW4ALltM
9ParbbJJilA,1760,59,N/A,41,RevengeüíÄ #bgmi #shorts #pubg,https://www.youtube.com/shorts/9ParbbJJilA
teBKwc0AhZ4,1928,N/A,N/A,37,,https://www.youtube.com/shorts/teBKwc0AhZ4
2BHUNLVnk_M,98,2,N/A,53,,https://www.youtube.com/shorts/2BHUNLVnk_M
07srmAJdEIE,166,5,N/A,11,,https://www.youtube.com/shorts/07srmAJdEIE
toH_f9Y-RpU,20,2,N/A,54,,https://www.youtube.com/shorts/toH_f9Y-RpU
1GXbmsXQZHE,229,7,N/A,21,clutch masterüòé#bgmi#pubg#shorts#youtubeshorts#pubgmobile#bgmishorts,https://www.youtube.com/shorts/1GXbmsXQZHE
kr_ExGEfSII,79,8,N/A,18,Quick 1vs3 üòç#bgmi#pubg#shorts#youtubeshorts#pubgmobile,https://www.youtube.com/shorts/kr_ExGEfSII
FvoJNAf48cU,594,N/A,N/A,24,Dust 2 nades tips in Counter Strike 2#cs2 #csgo #counterstrike,https://www.youtube.com/shorts/FvoJNAf48cU
Jey4kQPY1E8,160,N/A,N/A,14,"The final battle of BetBoom Dacha 2024 will take place today, in which Team Spirit & Mouz will compete. Previously, the teams had already met within PGL CS2 ...",https://www.youtube.com/shorts/Jey4kQPY1E8
mGcT4V2u9zA,295,6,N/A,18,Counter strike.! #Shorts#Couterstrikeshorts#gameshorts#Ali#Counterstrike#counterstrikehighlight,https://www.youtube.com/shorts/mGcT4V2u9zA
FcWr1FzeBrE,569,14,N/A,8,#cs2 #csgo #gaming #ytshorts #pcgaming #fps #funny,https://www.youtube.com/shorts/FcWr1FzeBrE
gBocl2RE2DA,905,24,N/A,19,#csgo #counterstrike #counterstrike2 #gaming #ytshorts #ohnepixel,https://www.youtube.com/shorts/gBocl2RE2DA
Mw1acw6buv4,836,21,N/A,34,#counterstrike #csgo #gaming #pc #shroud #ytshorts,https://www.youtube.com/shorts/Mw1acw6buv4
xyVtTXUwGqw,531,9,N/A,21,Ancient Nades Lineups in Counter Strike 2#cs2 #cs2tips #cs2smokes #cs2nades,https://www.youtube.com/shorts/xyVtTXUwGqw
8zz4-ZvgzNg,5,2,N/A,27,#Ali,https://www.youtube.com/shorts/8zz4-ZvgzNg
PoiPMKbPRrs,62,2,N/A,26,Counter strike.! #Shorts#Couterstrikeshorts#gameshorts#Ali#Counterstrike#counterstrikehighlight,https://www.youtube.com/shorts/PoiPMKbPRrs
D-vZ8HGnRiI,13,2,N/A,35,Counter strike.! #Shorts#Couterstrikeshorts#gameshorts#Ali#Counterstrike#counterstrikehighlight,https://www.youtube.com/shorts/D-vZ8HGnRiI
WFn4fsouFC8,293,7,N/A,16,#counterstrike #gaming #pc #pcgaming,https://www.youtube.com/shorts/WFn4fsouFC8
u2Zou-MxdxA,12,2,N/A,34,Lol Headshot**Please support my channel by subscribing and sharing my videos. My Gaming Laptop:- [ ASUS TUF F15 ]CPU - I5 11400HGPU - RTX 3050 4GBRAM - 16GB ...,https://www.youtube.com/shorts/u2Zou-MxdxA
do1eMs4fHM4,97,6,N/A,10,,https://www.youtube.com/shorts/do1eMs4fHM4
_4q4d5XlN6o,82,N/A,N/A,9,,https://www.youtube.com/shorts/_4q4d5XlN6o
gO1BjHKTs_Y,126,3,N/A,5,,https://www.youtube.com/shorts/gO1BjHKTs_Y
g0oIHvQ08Wc,17,7,N/A,44,,https://www.youtube.com/shorts/g0oIHvQ08Wc
NK0iSmVFET0,446,25,N/A,59,1 vs 5 –Ω–∏–Ω–¥–∑—è –¥–µ—Ñ—é–∑ –∞–Ω—É–±–∏—Å üòéüòéüòéüòéüòé,https://www.youtube.com/shorts/NK0iSmVFET0
RO9rrztmsN8,4,4,N/A,29,,https://www.youtube.com/shorts/RO9rrztmsN8
e27SAK8KTWE,11,5,N/A,11,,https://www.youtube.com/shorts/e27SAK8KTWE
e27SAK8KTWE,11,5,N/A,11,,https://www.youtube.com/shorts/e27SAK8KTWE
iJ2iNVPnToA,12,4,N/A,15,,https://www.youtube.com/shorts/iJ2iNVPnToA
q77Z8kwzzxU,10,3,N/A,12,"Hey, Here are my UPI detailsName - Anand KushwahUPI Handle - 9340727602@paytmPay me on Paytm - https://p.paytm.me/xCTH/47094f7b#VALORANT #valorant #valoranti...",https://www.youtube.com/shorts/q77Z8kwzzxU
83TwG9cFS5g,54,10,N/A,30,"Hey, Here are my UPI detailsName - Anand KushwahUPI Handle - 9340727602@paytmPay me on Paytm - https://p.paytm.me/xCTH/47094f7b#VALORANT #valorant #valoranti...",https://www.youtube.com/shorts/83TwG9cFS5g
HpTFvwk86pA,29,N/A,N/A,57,,https://www.youtube.com/shorts/HpTFvwk86pA
ua_b9-5S7ys,478,12,N/A,27,,https://www.youtube.com/shorts/ua_b9-5S7ys
Ya5-F8DQFgI,0,N/A,N/A,37,Counter strike.! #Shorts#Couterstrikeshorts#gameshorts#Ali#Counterstrike#counterstrikehighlight,https://www.youtube.com/shorts/Ya5-F8DQFgI
dG4qssl_gQE,573,13,N/A,60,,https://www.youtube.com/shorts/dG4qssl_gQE
tWQt951J6ew,330,7,N/A,39,,https://www.youtube.com/shorts/tWQt951J6ew
gUJ2YsjmzhM,462,6,N/A,44,kiss me :3,https://www.youtube.com/shorts/gUJ2YsjmzhM
o8u4W-PcoZ8,449,10,N/A,35,this was the first round for us,https://www.youtube.com/shorts/o8u4W-PcoZ8
mb47_F9DWOE,38,2,N/A,27,awp 4 kills,https://www.youtube.com/shorts/mb47_F9DWOE
y1wWyUg-rnA,48,6,N/A,43,"I hope you all enjoyed this video. Don't forget to Comment, Like, And Subscribe, For more uploads/ short form streams!---------------------------------------...",https://www.youtube.com/shorts/y1wWyUg-rnA
HE_7U3jwjB8,67,7,N/A,28,"I hope you all enjoyed this video. Don't forget to Comment, Like, And Subscribe, For more uploads/ short form streams!---------------------------------------...",https://www.youtube.com/shorts/HE_7U3jwjB8
F6NH4-ZRIow,64,2,N/A,36,,https://www.youtube.com/shorts/F6NH4-ZRIow
HdNXWTUdf8I,14,3,N/A,20,,https://www.youtube.com/shorts/HdNXWTUdf8I
IIBlcvdcTb0,30,3,N/A,40,ACE with AUG Gun in Anubis map #democs2 #anubis  #csgo #cs2 #counterstrike #gaming #shorts,https://www.youtube.com/shorts/IIBlcvdcTb0
TLa1XXP2fH0,456,6,N/A,32,,https://www.youtube.com/shorts/TLa1XXP2fH0
3ckop2c_46M,65,3,N/A,19,,https://www.youtube.com/shorts/3ckop2c_46M
G9yB63lgsbU,422,4,N/A,32,,https://www.youtube.com/shorts/G9yB63lgsbU
DSwyHnheoVc,30,4,N/A,21,,https://www.youtube.com/shorts/DSwyHnheoVc
34bxRciYxUw,127,7,N/A,34,,https://www.youtube.com/shorts/34bxRciYxUw
lpE38p9zA8Y,162,2,N/A,18,Join this channel to get access to perks:https://www.youtube.com/channel/UClsM8gWmeXicOMKAlmmy7qA/join#CSGO #shadowbanned #banned #foryoupage #pcgaming #vira...,https://www.youtube.com/shorts/lpE38p9zA8Y
EJCFtMUpi3g,88,N/A,N/A,16,Join this channel to get access to perks:https://www.youtube.com/channel/UClsM8gWmeXicOMKAlmmy7qA/join#CSGO #shadowbanned #banned #foryoupage #pcgaming #vira...,https://www.youtube.com/shorts/EJCFtMUpi3g
UEx8GV7F8q4,469,5,N/A,10,#CSGO #shadowbanned #banned #foryoupage #pcgaming #viral #foryo #trending #tiktok #fyp„Ç∑ #gaming #fyp #csgovideos #csgofunny #csgo #hashtag #thickestboii #csg...,https://www.youtube.com/shorts/UEx8GV7F8q4
F8oKN4rgx_I,12,2,N/A,7,"–ü—Ä–∏–≤–µ–µ–µ–µ–µ—Ç! –£–∂–µ –ø—Ä–æ—à—ë–ª –º–µ—Å—è—Ü –ª–µ—Ç–∞, –∞ —è –ø–æ–∑–¥—Ä–∞–≤–∏–ª –≤–∞—Å —Ç–æ–ª—å–∫–æ —Å–µ–π—á–∞—Å) –í—Å—ë –¥–µ–ª–æ –≤ —Ç–æ–º —á—Ç–æ –º–∞—Ç–µ—Ä–∏–∞–ª –º–µ—Å—Ç–∞–º–∏ —Å –Ω–∞—á–∞–ª–∞ –∏—é–Ω—è, –∞ –∫–∞–∫–æ–π —Ç–æ —Å–≤–µ–∂–∏–π. –ù–∞–¥–µ—é—Å—å –≤–∞–º –ø–æ–Ω—Ä–∞–≤–∏...",https://www.youtube.com/shorts/F8oKN4rgx_I
XHRiitPwJ48,38,6,N/A,58,CSGOCASES - https://csgocases.com/r/VESPAuse o cupon - [ VESPA ]#csgovine  #shortpants #csgonet #shortshorts #gaming #cs1 #keydrop #csmoney #counterstrike2 #...,https://www.youtube.com/shorts/XHRiitPwJ48
ClmXjIOWy78,453,29,N/A,59,#cs #csgo #csgovine #shortpants#cs2 #memes #csgonet #shortshorts #counterstrike #counterstrike2,https://www.youtube.com/shorts/ClmXjIOWy78
16fZgXpNdao,14,N/A,N/A,60,#fallen #csbrasil #shortvideo #csk #css #counterstrike #csgobr #csclipes,https://www.youtube.com/shorts/16fZgXpNdao
SDF7Cf7UGm8,45,2,N/A,33,A clip from a Once Human stream at Twitch.TV/iHazNub6 please follow me on twitch and subscribe to my youtube to help me reach my goal of 50 followers and 500...,https://www.youtube.com/shorts/SDF7Cf7UGm8
tKIHiaHYDtg,76,6,N/A,30,,https://www.youtube.com/shorts/tKIHiaHYDtg
lBgGNhIV93U,72,3,N/A,34,,https://www.youtube.com/shorts/lBgGNhIV93U
4s4QrKPmjgk,210,8,N/A,25,,https://www.youtube.com/shorts/4s4QrKPmjgk
ZkonsCVSILU,139,4,N/A,29,,https://www.youtube.com/shorts/ZkonsCVSILU
ucQn23mtMCw,1817,181,N/A,40,,https://www.youtube.com/shorts/ucQn23mtMCw
sfTE5csBW3k,1972,236,N/A,43,,https://www.youtube.com/shorts/sfTE5csBW3k
asdVQz0u6yE,6852,572,N/A,41,,https://www.youtube.com/shorts/asdVQz0u6yE
hpK8ts2JzeQ,168,2,N/A,21,"Chamber 4k with some minor whiffs on Harbor In ValorantHey viewers I'm sonLucky, I post Valorant content of myself and my friends or other valorant/gaming re...",https://www.youtube.com/shorts/hpK8ts2JzeQ
rzm4wFSG6K0,28,2,N/A,11,Check out my tiktok (@quixkie69) or my channel for more content like this!,https://www.youtube.com/shorts/rzm4wFSG6K0
IgFqtDhXzEk,971,31,N/A,12,Check out my tiktok (@quixkie69) or my channel for more content like this!,https://www.youtube.com/shorts/IgFqtDhXzEk
ShbysCaH2RI,51,2,N/A,9,Check out my tiktok (@quixkie69) or my channel for more content like this!,https://www.youtube.com/shorts/ShbysCaH2RI
my7aVqaBfBU,457,9,N/A,54,Check out my tiktok (@quixkie69) or my channel for more content like this!,https://www.youtube.com/shorts/my7aVqaBfBU
vvmattsTDDM,7,2,N/A,19,"Another Breach 4k In ValorantHey viewers I'm sonLucky, I post Valorant content of myself and my friends or other valorant/gaming related things. These Valora...",https://www.youtube.com/shorts/vvmattsTDDM
ypnpLSRdGos,77,3,N/A,14,"KillJoy 4k Lotus In ValorantHey viewers I'm sonLucky, I post Valorant content of myself and my friends or other valorant/gaming related things. These Valoran...",https://www.youtube.com/shorts/ypnpLSRdGos
zBL_vgd1caA,421,N/A,N/A,18,"Raze Ace Ascent In ValorantHey viewers I'm sonLucky, I post Valorant content of myself and my friends or other valorant/gaming related things. These Valorant...",https://www.youtube.com/shorts/zBL_vgd1caA
W3kTKNcdHGU,34,4,N/A,6,"Sheriff Jumping Headshot In ValorantHey viewers I'm sonLucky, I post Valorant content of myself and my friends or other valorant/gaming related things. These...",https://www.youtube.com/shorts/W3kTKNcdHGU
Gf0j8tSqLbA,30,7,N/A,55,#malayalam #rankpush #gaming #valorant3k #valorantclips #valorant #valorantlive #valoranthighlights,https://www.youtube.com/shorts/Gf0j8tSqLbA
UpdI9dlNJHI,137,4,N/A,59,#eldenring #shadowoftheerdtree #malayalam #gaming #bossfight,https://www.youtube.com/shorts/UpdI9dlNJHI
YeHyxUvy7eg,477,9,N/A,6,,https://www.youtube.com/shorts/YeHyxUvy7eg
owrxGHzoUGI,481,8,N/A,13,,https://www.youtube.com/shorts/owrxGHzoUGI
4C6B4UvoYJs,38,2,N/A,40,,https://www.youtube.com/shorts/4C6B4UvoYJs
zM_xWGJi8x4,55,2,N/A,38,,https://www.youtube.com/shorts/zM_xWGJi8x4
OHKhzv0Qeew,7,2,N/A,7,,https://www.youtube.com/shorts/OHKhzv0Qeew
UznVnsoI518,40,7,N/A,47,subscribe to my channel :)....... ü§ó#clips #foryou #viral #valorant #shorts,https://www.youtube.com/shorts/UznVnsoI518
fPZK1KeK_Jc,443,10,N/A,55,subscribe to my channel :)....... ü§ó#clips #foryou #viral #valorant #shorts,https://www.youtube.com/shorts/fPZK1KeK_Jc
EKqqhxq8Dhc,511,22,N/A,54,subscribe to my channel :)....... ü§ó#clips #foryou #viral #valorant #shorts,https://www.youtube.com/shorts/EKqqhxq8Dhc
9DZZb-9GLlE,234,8,N/A,59,subscribe to my channel :)....... ü§ó#clips #foryou #viral #valorant #shorts,https://www.youtube.com/shorts/9DZZb-9GLlE
9UgA71dodnQ,93,5,N/A,25,subscribe to my channel :)....... ü§ó#foryou #viral #clips #valorant #shorts,https://www.youtube.com/shorts/9UgA71dodnQ
fcD619XZ1XE,1,N/A,N/A,59,"Four enemies eliminated in Valorant, round secured!#shorts #valorant #gaming #valorantclips #johnnyzet666 #yoru  #yoruvalorant #shortvideo #shortclips #gamer...",https://www.youtube.com/shorts/fcD619XZ1XE
RSza_9DdRTQ,256,N/A,N/A,22,Dead is a good look for you!#shorts #valorant #gaming #valorantclips #johnnyzet666 #yoru  #yoruvalorant #shortvideo #shortclips #gamer #gamingvideos #gamings...,https://www.youtube.com/shorts/RSza_9DdRTQ
5IijsoWn58M,49,N/A,N/A,22,"Teleport, blind, aim like a trash... win!#shorts #valorant #gaming #valorantclips #johnnyzet666 #yoru  #yoruvalorant #shortvideo #shortclips #gamer #gamingvi...",https://www.youtube.com/shorts/5IijsoWn58M
FKOYm7hUjW4,88,N/A,N/A,31,Let's run and win the round in Valorant!Have you enjoyed the video? Then watch me live on Twitch http://www.twitch.tv/johnnyzet666üåê I'm LIVE everyday at (al...,https://www.youtube.com/shorts/FKOYm7hUjW4
qf32RYPDznc,101,4,N/A,30,Valorant Gameplay Valorant highlights Valorant Clips Valorant Plays Valorant Montage Valorant ShortsValorant Duelist Valorant Clutches Valorant Masters Valor...,https://www.youtube.com/shorts/qf32RYPDznc
Ya6k3Eao1g8,6,3,N/A,21,Valorant Gameplay Valorant highlights Valorant Clips Valorant Plays Valorant Montage Valorant ShortsValorant Duelist Valorant Clutches Valorant Masters Valor...,https://www.youtube.com/shorts/Ya6k3Eao1g8
bKnnDUEyc5I,197,2,N/A,22,Valorant Gameplay Valorant highlights Valorant Clips Valorant Plays Valorant Montage Valorant ShortsValorant Duelist Valorant Clutches Valorant Masters Valor...,https://www.youtube.com/shorts/bKnnDUEyc5I
iVj35rvpEHs,268,10,N/A,45,,https://www.youtube.com/shorts/iVj35rvpEHs
YXHYajGkUe8,168,9,N/A,59,#shorts #gaming #1vs4 #malayalam #valorant #clutch #clips #cypher,https://www.youtube.com/shorts/YXHYajGkUe8
X4BgzZA1ECg,370,8,N/A,31,#shorts @valorant#valorant,https://www.youtube.com/shorts/X4BgzZA1ECg
nqpRYeGqz0o,951,8,N/A,39,#13,https://www.youtube.com/shorts/nqpRYeGqz0o
R4k-CsQEcfk,479,3,N/A,55,#9 Fun mod,https://www.youtube.com/shorts/R4k-CsQEcfk
GFy1d_MY1Fg,424,15,N/A,29,,https://www.youtube.com/shorts/GFy1d_MY1Fg
nm2aTgguT1g,92,6,N/A,8,,https://www.youtube.com/shorts/nm2aTgguT1g
4zsgYRS53iU,65,6,N/A,21,,https://www.youtube.com/shorts/4zsgYRS53iU
De-QDi-l06g,462,7,N/A,17,,https://www.youtube.com/shorts/De-QDi-l06g
eDOiglqjvoA,355,7,N/A,24,,https://www.youtube.com/shorts/eDOiglqjvoA
JQioPjIwcsQ,463,8,N/A,7,siuuuuu,https://www.youtube.com/shorts/JQioPjIwcsQ
qb1juMbUPOU,72,4,N/A,24,#gaming #leagueoflegends #funny #poland #warwick #eune #memes,https://www.youtube.com/shorts/qb1juMbUPOU
LdfsXVxPHUY,291,10,N/A,32,"Nie wiem, heal pog opcja",https://www.youtube.com/shorts/LdfsXVxPHUY
8yx4c1WqfBo,104,2,N/A,5,#shorts #cs2 #counterstrike #gyrogaming #gyroaim #flickstick,https://www.youtube.com/shorts/8yx4c1WqfBo
QOkvHum49ds,91,N/A,N/A,38,#shorts #cs2 #counterstrike #gyrogaming #gyroaim #flickstick,https://www.youtube.com/shorts/QOkvHum49ds
ZjK-_kIgDRQ,241,13,N/A,31,–ü–æ–¥–¥–µ—Ä–∂–∏—Ç–µ –∫–∞–Ω–∞–ª : @csproleagueSupport the channel : @csproleague========================================#cs2memes  #csgo #faceit #counterstrike #esports #cs...,https://www.youtube.com/shorts/ZjK-_kIgDRQ
Y5jJucEj9mk,268,24,N/A,57,–ü–æ–¥–¥–µ—Ä–∂–∏—Ç–µ –∫–∞–Ω–∞–ª : @csproleagueSupport the channel : @csproleague========================================#cs2memes  #csgo #faceit #counterstrike #esports #cs...,https://www.youtube.com/shorts/Y5jJucEj9mk
umDfxYOvpkw,72,5,N/A,34,–ü–æ–¥–¥–µ—Ä–∂–∏—Ç–µ –∫–∞–Ω–∞–ª : @csproleagueSupport the channel : @csproleague========================================#cs2memes  #csgo #faceit #counterstrike #esports #cs...,https://www.youtube.com/shorts/umDfxYOvpkw
KKjRKqafPHo,14,2,N/A,29,#shorts #cs2 #counterstrike #gyrogaming #gyroaim #flickstick,https://www.youtube.com/shorts/KKjRKqafPHo
YwiultKK0tU,266,4,N/A,5,#shorts #cs2 #counterstrike #gyrogaming #gyroaim #flickstick,https://www.youtube.com/shorts/YwiultKK0tU
2aNffNMFzAc,677,4,N/A,31,#shorts #cs2 #counterstrike #gyrogaming #gyroaim #flickstick,https://www.youtube.com/shorts/2aNffNMFzAc
bsqyC4gHWlU,300,3,N/A,19,#shorts #cs2 #counterstrike #gyrogaming #gyroaim #flickstick,https://www.youtube.com/shorts/bsqyC4gHWlU
qAsHxuKiQA8,25,3,N/A,8,#shorts #counterstrike #cs2 #gyrogaming #gyroaim #flickstick,https://www.youtube.com/shorts/qAsHxuKiQA8
sA2111FTKO0,580,24,N/A,8,,https://www.youtube.com/shorts/sA2111FTKO0
WoMCiAJl048,535,34,N/A,41,,https://www.youtube.com/shorts/WoMCiAJl048
ZFfgclFUPU4,590,13,N/A,29,,https://www.youtube.com/shorts/ZFfgclFUPU4
_NnsKGritA8,18,N/A,N/A,21,Hello Guys üôèüèª Welcome back in my channel Make Sure to hit that live button and subscribe Also Share ‚ù§Ô∏èIGN - TubeWindAge - 21Device - IPhone 14 Plus or IQOO...,https://www.youtube.com/shorts/_NnsKGritA8
77rJAs73j2A,89,N/A,N/A,38,Hello Guys üôèüèª Welcome back in my channel Make Sure to hit that live button and subscribe Also Share ‚ù§Ô∏èIGN - TubeWindAge - 21Device - IPhone 14 Plus or IQOO...,https://www.youtube.com/shorts/77rJAs73j2A
oxGF9h2iRnw,222,N/A,N/A,29,Hello Guys üôèüèª Welcome back in my channel Make Sure to hit that live button and subscribe Also Share ‚ù§Ô∏èIGN - TubeWindAge - 21Device - IPhone 14 Plus or IQOO...,https://www.youtube.com/shorts/oxGF9h2iRnw
z3RWzNoh6WA,61,N/A,N/A,11,Hello Guys üôèüèª Welcome back in my channel Make Sure to hit that live button and subscribe Also Share ‚ù§Ô∏èIGN - TubeWindAge - 21Device - IPhone 14 Plus or IQOO...,https://www.youtube.com/shorts/z3RWzNoh6WA
rSrnSIPsAVI,472,8,N/A,45,,https://www.youtube.com/shorts/rSrnSIPsAVI
5gesmYUTUhc,585,37,N/A,17,,https://www.youtube.com/shorts/5gesmYUTUhc
iUjuGtuYrbQ,532,12,N/A,35,,https://www.youtube.com/shorts/iUjuGtuYrbQ
pawXLpeoZ1Q,258,N/A,N/A,22,Hello Guys üôèüèª Welcome back in my channel Make Sure to hit that live button and subscribe Also Share ‚ù§Ô∏èIGN - TubeWindAge - 21Device - IQOO Neo 9 ProLocation...,https://www.youtube.com/shorts/pawXLpeoZ1Q
duRlFqXX5sk,108,4,N/A,11,,https://www.youtube.com/shorts/duRlFqXX5sk
uZ4YobthgEA,26,3,N/A,40,,https://www.youtube.com/shorts/uZ4YobthgEA
OBD0CHvM2uk,132,N/A,N/A,9,,https://www.youtube.com/shorts/OBD0CHvM2uk
RTTypp4B7bM,174,5,N/A,11,,https://www.youtube.com/shorts/RTTypp4B7bM
ZX9ePOF0eAY,212,7,N/A,17,,https://www.youtube.com/shorts/ZX9ePOF0eAY
